time_until_deadline_hours,slot_duration_hours,estimated_task_duration_hours,is_preferred_working_hour,overlaps_break,task_importance,task_difficulty,suitability_score
19.41,3.0,6.0,1,0,1,1,0.77
11.88,4.0,4.0,1,0,3,2,1.0
15.54,1.5,2.7,0,1,1,3,0.0
33.29,2.0,0.5,0,0,1,1,0.81
22.49,4.0,2.0,0,0,1,3,0.51
6.38,2.0,3.0,0,0,2,3,0.27
25.98,0.5,1.0,0,0,2,3,0.43
143.0,3.0,2.0,0,1,3,3,0.59
4.67,1.0,0.5,0,0,2,2,0.55
11.79,1.5,1.5,1,0,1,1,1.0
11.38,4.0,2.0,0,0,1,1,0.7
109.17,2.0,1.0,1,0,2,1,1.0
24.82,3.0,4.0,1,0,2,1,0.97
81.79,6.0,7.25,0,0,1,1,0.53
153.4,0.5,6.0,0,0,3,2,0.49
11.61,1.0,2.0,0,1,1,3,0.02
14.6,4.0,1.0,0,0,1,2,0.62
4.84,0.5,6.0,1,0,1,3,0.68
11.8,2.0,3.22,0,0,2,1,0.29
4.69,4.0,5.12,0,0,3,2,0.36
31.77,6.0,6.82,1,1,3,3,0.72
139.22,6.0,1.0,0,0,2,1,0.84
46.24,1.0,1.97,1,0,2,1,0.85
7.01,0.5,6.0,0,0,2,1,0.38
7.74,1.0,6.0,0,0,1,2,0.26
94.95,3.0,1.0,0,1,3,1,0.58
23.62,3.0,3.0,0,1,3,1,0.42
73.65,4.0,1.0,1,0,1,2,1.0
37.23,3.0,1.0,0,0,2,1,0.83
10.16,3.0,3.0,0,0,2,1,0.6
65.58,1.0,3.0,1,0,2,2,0.98
25.44,4.0,3.0,1,0,2,1,1.0
91.93,2.0,0.5,1,0,1,2,1.0
2.09,4.0,2.0,1,0,2,1,1.0
173.15,2.0,2.0,1,0,2,1,1.0
11.15,3.0,3.0,0,0,1,2,0.54
6.05,3.0,2.0,1,1,1,1,0.68
21.67,6.0,6.0,0,0,2,3,0.63
8.9,1.5,1.5,0,0,3,2,0.62
8.52,0.5,4.0,1,1,3,2,0.42
167.25,3.0,4.0,1,1,1,3,0.59
47.31,1.5,1.0,1,0,1,2,1.0
10.33,3.0,0.5,1,0,3,2,1.0
45.9,6.0,7.6,0,0,1,2,0.52
44.88,0.5,0.5,0,0,3,3,0.85
151.57,0.5,6.0,0,0,2,3,0.58
17.55,1.5,4.0,1,0,3,2,0.72
24.52,6.0,3.0,1,0,2,3,1.0
39.63,6.0,6.0,1,0,3,2,1.0
22.96,4.0,5.37,1,1,1,1,0.42
11.33,6.0,1.0,1,0,3,3,1.0
28.97,6.0,1.5,1,0,2,2,1.0
98.87,6.0,3.0,0,0,2,1,0.93
8.09,4.0,1.5,0,0,2,3,0.57
1.99,1.5,3.0,0,0,1,2,0.39
128.59,4.0,4.95,1,0,2,2,0.94
42.33,3.0,0.5,1,0,3,3,1.0
60.99,3.0,1.0,1,0,3,1,1.0
83.25,0.5,6.0,0,0,3,2,0.54
6.2,0.5,1.5,1,0,3,2,0.81
104.79,0.5,4.0,0,0,2,1,0.49
156.23,6.0,1.5,1,1,3,1,0.97
24.22,0.5,1.0,1,0,2,1,0.9
167.28,1.0,3.0,1,0,1,2,0.9
9.51,1.5,1.0,0,0,3,3,0.65
50.81,1.0,2.0,0,0,1,3,0.54
6.21,6.0,0.5,0,0,3,3,0.65
30.73,2.0,6.0,0,0,2,1,0.58
35.77,0.5,2.0,0,0,3,2,0.49
1.4,1.5,2.85,0,0,1,3,0.38
157.5,3.0,2.0,1,0,3,2,1.0
34.08,2.0,1.5,0,0,3,1,0.91
66.3,4.0,1.0,0,0,1,3,0.8
29.66,1.0,6.0,1,1,1,2,0.67
129.93,0.5,6.0,0,0,2,2,0.46
194.42,1.0,4.0,0,0,2,1,0.5
19.32,0.5,0.5,1,0,2,2,1.0
13.09,1.0,4.0,1,1,3,3,0.42
2.7,4.0,0.5,1,1,3,2,0.75
6.0,0.5,1.5,1,1,2,1,0.5
171.7,2.0,2.0,1,0,3,2,1.0
30.05,4.0,1.0,1,0,1,2,1.0
100.72,6.0,7.99,0,0,1,3,0.54
5.21,2.0,1.0,1,0,2,3,0.97
157.0,3.0,1.5,1,0,1,3,1.0
10.36,1.5,0.5,1,0,1,3,1.0
32.68,1.0,2.0,0,0,3,3,0.54
8.3,3.0,0.5,1,0,1,2,1.0
4.85,1.0,6.0,1,0,1,1,0.79
6.99,0.5,2.0,0,0,1,1,0.29
44.29,3.0,4.0,1,0,1,3,0.93
111.12,1.0,1.0,0,0,1,2,0.76
116.88,6.0,7.16,1,0,3,3,0.99
47.93,2.0,4.0,1,0,3,2,0.95
39.74,1.0,2.0,1,1,1,2,0.55
5.17,0.5,1.0,1,1,3,2,0.41
2.67,1.0,3.0,1,0,1,2,0.74
36.72,2.0,3.0,0,0,1,3,0.39
15.21,3.0,6.0,1,1,2,2,0.48
198.53,1.0,1.0,0,0,1,2,0.77
9.69,0.5,1.0,1,0,2,3,0.66
156.37,1.5,3.0,1,0,1,3,0.9
13.6,6.0,6.0,1,0,2,1,0.94
18.82,4.0,3.0,0,1,3,2,0.3
40.29,2.0,3.0,0,0,3,3,0.5
8.37,1.5,0.5,0,1,3,1,0.41
4.16,1.5,4.0,1,0,1,1,0.81
81.58,1.0,4.0,0,0,1,2,0.61
10.82,1.5,2.0,1,0,3,2,0.66
123.99,6.0,1.0,0,0,1,2,0.85
16.91,2.0,1.0,1,0,3,3,1.0
8.18,1.0,0.5,0,0,3,3,0.77
34.44,0.5,2.0,1,0,2,2,0.91
119.0,3.0,1.0,1,0,3,3,1.0
1.33,0.5,2.0,0,0,2,2,0.29
44.84,3.0,3.51,0,0,3,1,0.63
119.3,1.0,2.0,0,0,1,1,0.55
10.99,1.0,6.0,1,1,3,1,0.49
20.28,0.5,6.0,1,0,1,1,0.77
2.23,2.0,2.0,1,0,2,2,0.94
101.3,4.0,2.0,0,0,2,1,0.82
20.77,3.0,6.0,1,0,2,1,0.78
3.97,2.0,6.0,1,0,1,3,0.73
45.11,0.5,6.0,1,0,1,1,1.0
89.84,1.0,6.0,0,0,1,2,0.51
12.91,0.5,4.0,1,1,1,1,0.35
44.87,3.0,4.44,1,1,1,2,0.61
121.66,0.5,0.5,0,0,1,1,0.79
133.55,1.0,3.0,1,0,3,3,0.94
135.26,2.0,1.0,0,0,2,2,0.84
167.66,4.0,5.38,1,0,3,2,0.98
189.58,0.5,1.5,1,0,1,3,0.9
59.46,6.0,3.0,1,0,2,1,1.0
19.92,0.5,2.0,1,1,2,1,0.53
21.24,1.5,2.19,1,1,2,3,0.4
136.86,0.5,3.0,1,0,3,1,1.0
26.59,4.0,5.11,1,0,1,1,0.91
18.7,2.0,3.0,1,0,3,1,0.84
11.88,1.5,6.0,0,0,2,3,0.25
186.84,0.5,6.0,1,0,2,1,0.96
147.02,6.0,6.0,1,0,2,3,1.0
1.15,0.5,1.0,0,1,1,3,0.02
11.13,1.5,6.0,1,0,1,3,0.69
8.1,4.0,3.0,1,0,2,1,1.0
125.08,3.0,1.0,0,0,2,3,0.88
3.0,2.0,6.0,0,0,2,3,0.26
51.22,4.0,0.5,0,0,1,1,0.93
24.12,1.0,6.0,1,0,3,1,0.96
16.55,3.0,3.81,1,0,2,1,0.72
11.08,6.0,1.0,1,0,2,1,1.0
14.06,3.0,1.0,0,0,1,3,0.59
148.81,3.0,2.0,1,1,2,1,0.88
151.52,1.5,3.0,1,0,3,1,1.0
68.83,4.0,6.0,1,0,1,3,0.9
97.16,4.0,0.5,1,0,1,1,1.0
7.14,2.0,1.0,1,0,3,1,1.0
161.82,0.5,1.0,0,0,3,2,0.62
8.88,4.0,1.5,0,0,2,1,0.62
120.97,3.0,1.5,1,0,3,3,1.0
14.87,0.5,6.0,1,0,3,2,0.84
9.59,2.0,0.5,0,0,2,1,0.68
1.16,1.0,1.0,0,1,1,1,0.34
23.29,1.5,4.0,0,0,1,1,0.41
36.31,3.0,0.5,1,0,2,2,1.0
11.14,0.5,6.0,1,0,1,1,0.82
10.36,0.5,1.0,0,0,1,2,0.24
34.34,1.0,0.5,1,1,2,3,0.77
86.31,2.0,2.81,1,0,2,1,1.0
3.19,2.0,1.0,0,0,3,3,0.67
149.26,2.0,1.0,0,0,2,3,0.75
121.11,6.0,1.5,1,0,1,2,1.0
39.44,4.0,0.5,1,1,3,3,1.0
2.23,4.0,1.5,0,1,2,1,0.31
33.55,1.5,0.5,1,0,1,1,1.0
80.41,6.0,6.0,1,1,2,3,0.95
194.41,1.0,2.0,1,1,2,2,0.52
24.35,1.0,3.0,0,0,1,2,0.58
20.63,3.0,6.0,0,1,3,1,0.19
199.17,1.0,0.5,0,0,3,2,0.8
25.54,2.0,0.5,0,0,1,1,0.85
40.13,0.5,4.0,0,1,2,1,0.2
22.01,1.0,2.0,0,0,1,2,0.25
1.38,1.0,1.83,1,0,3,2,0.76
22.46,1.5,3.0,1,0,1,1,0.79
27.65,1.5,1.0,0,0,1,1,0.87
99.07,1.0,2.0,0,0,1,2,0.48
184.35,6.0,1.5,1,0,2,3,1.0
87.55,0.5,1.5,0,0,2,3,0.52
68.12,2.0,2.0,0,0,1,2,0.78
7.46,2.0,3.0,0,0,3,2,0.36
29.64,2.0,3.06,1,0,3,3,0.91
7.53,2.0,3.0,1,0,3,1,0.7
3.73,0.5,4.0,0,0,2,3,0.3
176.6,1.5,3.0,1,0,1,1,0.91
100.7,6.0,6.0,1,0,1,2,1.0
10.42,6.0,1.0,0,0,3,3,0.69
84.61,4.0,1.5,1,0,2,2,1.0
154.24,4.0,1.0,0,0,2,3,0.8
137.86,1.5,6.0,0,0,2,2,0.48
119.16,0.5,1.5,0,0,3,3,0.56
1.01,2.0,0.5,0,0,2,2,0.58
9.69,2.0,1.0,1,0,3,3,1.0
10.26,2.0,3.48,0,0,3,1,0.39
10.62,2.0,0.5,1,0,1,2,0.95
146.45,1.0,6.0,1,0,3,3,0.91
26.55,1.0,2.0,1,0,1,2,0.92
44.65,1.0,2.0,0,0,2,2,0.48
127.98,1.5,4.0,1,1,2,2,0.69
27.05,6.0,6.0,0,1,3,2,0.55
177.63,4.0,1.0,1,0,1,1,1.0
33.81,6.0,1.5,0,0,3,2,0.83
1.35,4.0,2.0,0,0,1,1,0.64
6.83,4.0,1.0,0,0,3,2,0.64
68.6,1.0,0.5,0,0,3,3,0.83
10.05,3.0,3.64,1,0,1,3,0.73
16.74,1.5,2.0,0,0,3,3,0.35
61.81,6.0,4.0,1,0,3,1,1.0
141.25,2.0,4.0,0,1,2,2,0.1
2.63,3.0,4.52,0,1,2,1,0.08
8.51,2.0,2.0,1,0,3,2,1.0
28.13,1.5,3.0,1,0,2,2,0.87
8.61,2.0,1.5,1,1,3,2,0.66
29.26,0.5,1.0,1,0,1,3,0.91
8.77,1.0,0.5,1,0,1,3,1.0
61.53,1.0,1.5,0,0,3,1,0.59
11.67,1.0,1.5,0,0,3,3,0.34
141.44,1.0,2.0,0,0,3,1,0.53
100.56,2.0,0.5,0,0,2,2,0.85
124.41,3.0,6.0,0,0,1,2,0.56
5.87,1.5,2.74,1,0,3,1,0.85
3.7,4.0,3.0,0,0,3,3,0.64
180.68,1.5,4.0,1,0,3,2,0.99
3.45,6.0,6.0,0,1,2,1,0.4
3.49,1.0,1.5,1,0,3,2,0.76
12.79,1.5,2.68,1,0,2,1,0.74
9.6,1.5,1.0,0,0,1,3,0.55
19.63,2.0,2.0,1,1,3,3,0.73
10.36,6.0,2.0,0,0,1,2,0.62
45.13,1.0,0.5,0,0,3,3,0.9
133.05,3.0,0.5,1,1,2,2,0.9
1.51,3.0,6.0,1,1,3,3,0.35
116.51,6.0,2.0,0,0,3,1,0.88
2.3,1.0,0.5,1,1,2,1,0.79
8.13,3.0,4.0,0,0,1,2,0.24
7.99,1.5,2.46,1,0,2,1,0.71
35.24,0.5,1.0,0,0,2,1,0.52
5.01,6.0,6.83,1,0,2,1,0.72
9.18,6.0,1.0,1,0,1,2,0.95
11.6,2.0,3.0,0,0,2,1,0.35
7.37,2.0,6.0,1,0,1,2,0.7
33.77,4.0,3.0,0,0,2,3,0.81
29.51,6.0,4.0,1,0,1,2,1.0
20.79,1.5,0.5,1,0,1,3,1.0
86.97,1.0,6.0,1,0,3,3,1.0
2.95,1.0,4.0,1,0,1,3,0.71
7.23,1.5,1.0,1,0,2,2,1.0
1.09,4.0,4.0,0,0,3,3,0.57
40.65,4.0,5.03,1,0,3,3,0.93
6.27,0.5,1.5,0,0,1,1,0.48
19.77,6.0,3.0,0,0,3,1,0.73
5.87,0.5,3.0,0,0,1,3,0.25
2.69,1.0,1.0,0,0,2,3,0.55
169.93,3.0,0.5,1,0,1,2,1.0
96.89,0.5,0.5,1,1,2,2,0.94
28.44,4.0,0.5,0,0,2,1,0.82
40.96,6.0,2.0,1,1,3,1,1.0
198.33,3.0,2.0,0,0,2,3,0.79
7.71,1.5,1.0,1,0,1,1,1.0
47.59,6.0,0.5,0,0,3,1,0.82
109.22,1.5,4.0,1,0,1,1,1.0
68.01,4.0,0.5,0,1,3,1,0.61
83.25,1.0,6.0,1,0,2,3,0.96
21.43,3.0,1.0,1,0,3,2,1.0
50.62,1.0,0.5,0,0,2,1,0.93
36.18,6.0,6.0,1,0,1,3,1.0
163.97,6.0,0.5,1,1,3,2,1.0
47.26,6.0,4.0,1,0,1,3,1.0
19.7,6.0,2.0,0,0,2,1,0.62
7.21,1.0,1.71,1,0,1,1,0.66
21.12,2.0,3.0,1,1,3,2,0.45
9.81,3.0,3.0,0,1,1,2,0.29
5.12,1.0,1.0,0,0,3,3,0.6
24.62,1.5,1.0,0,0,2,3,0.86
198.95,4.0,4.0,0,0,2,3,0.82
36.81,2.0,1.0,0,0,2,1,0.77
2.65,3.0,6.0,0,0,2,1,0.3
2.68,3.0,3.0,1,0,2,2,1.0
187.13,0.5,2.0,1,0,1,2,1.0
14.4,1.0,3.0,1,0,2,2,0.75
39.2,1.5,1.5,0,0,1,1,0.9
42.71,2.0,0.5,0,0,3,3,0.9
32.55,0.5,2.0,1,0,1,3,0.87
85.94,4.0,1.0,0,0,3,1,0.87
19.81,4.0,4.76,1,0,3,2,0.9
6.24,1.5,3.0,0,1,1,2,0.03
154.77,0.5,6.0,1,0,3,2,1.0
44.61,1.5,3.0,1,0,1,3,0.89
32.99,6.0,2.0,1,1,1,3,0.91
152.2,3.0,1.0,0,0,1,2,0.82
133.77,0.5,4.0,0,1,1,2,0.24
49.66,1.5,4.0,1,1,1,2,0.6
23.87,0.5,0.5,1,1,1,2,0.68
10.07,4.0,1.0,1,0,1,1,0.98
65.57,1.0,1.0,1,0,3,2,1.0
176.51,6.0,2.0,0,1,3,2,0.55
5.85,3.0,1.0,1,1,1,1,0.74
29.52,1.0,6.0,1,0,2,2,0.97
17.63,3.0,4.74,0,1,1,2,0.0
12.12,2.0,0.5,0,0,2,2,0.57
183.68,6.0,2.0,0,1,3,2,0.49
69.0,1.5,0.5,0,0,2,2,0.66
40.41,4.0,0.5,0,0,3,1,0.97
4.32,4.0,1.0,1,0,1,2,1.0
7.43,2.0,3.0,0,1,1,3,0.0
18.16,3.0,0.5,1,1,3,3,0.79
8.57,6.0,3.0,0,0,2,3,0.57
3.68,0.5,1.5,1,1,2,1,0.48
173.9,3.0,1.5,1,0,2,3,1.0
56.16,1.0,0.5,0,0,3,3,0.85
30.91,2.0,6.0,0,0,1,2,0.49
117.85,6.0,1.5,1,1,1,3,0.88
9.79,3.0,4.0,0,0,2,2,0.37
1.28,6.0,7.93,0,0,1,3,0.32
1.46,4.0,1.0,0,0,2,3,0.66
20.69,1.0,1.5,0,0,1,1,0.33
192.31,6.0,7.5,1,1,2,2,0.59
170.69,0.5,1.0,1,1,3,1,0.67
121.91,3.0,2.0,1,0,2,1,1.0
17.13,3.0,3.0,1,0,2,1,1.0
49.33,6.0,3.0,1,0,3,3,1.0
5.18,1.0,6.0,1,0,2,1,0.7
6.04,4.0,1.5,0,0,3,3,0.55
23.98,1.5,2.0,0,0,2,3,0.24
13.19,1.5,4.0,0,1,1,2,0.0
41.85,6.0,0.5,0,0,3,1,0.89
11.45,2.0,0.5,0,0,3,2,0.71
13.85,4.0,6.0,0,0,3,3,0.33
2.63,0.5,0.5,1,0,2,3,1.0
19.44,6.0,0.5,1,0,1,2,1.0
1.02,1.5,0.5,0,0,1,3,0.62
168.25,1.0,4.0,0,0,1,1,0.59
4.88,3.0,2.0,0,0,1,2,0.61
39.94,4.0,1.5,1,0,1,2,1.0
195.55,0.5,6.0,1,0,1,2,0.87
96.69,1.5,4.0,1,0,3,3,0.92
35.89,2.0,3.2,0,0,3,2,0.5
44.94,1.0,2.0,1,0,2,1,0.93
5.76,3.0,2.0,0,0,3,3,0.59
148.29,2.0,1.0,0,0,3,3,0.83
10.29,1.5,2.35,1,0,3,1,0.83
108.47,0.5,1.5,1,1,3,2,0.61
16.3,0.5,1.5,0,0,2,3,0.29
9.37,3.0,3.77,0,0,1,3,0.34
17.92,1.0,4.0,1,1,1,2,0.38
96.34,2.0,1.5,0,0,1,1,0.87
18.43,4.0,3.0,0,0,3,3,0.72
47.15,0.5,0.5,0,0,1,3,0.8
168.06,1.5,6.0,1,0,3,2,1.0
2.6,3.0,1.5,0,0,3,2,0.65
7.63,1.0,6.0,0,0,1,1,0.29
5.99,2.0,3.17,0,0,1,2,0.32
5.51,1.5,1.5,0,0,2,3,0.57
170.79,0.5,1.0,1,0,2,3,1.0
130.18,0.5,4.0,1,0,2,1,0.89
167.66,0.5,4.0,1,0,3,3,0.88
11.95,1.5,1.5,1,0,1,2,0.91
51.58,4.0,2.0,0,0,2,3,0.77
126.04,3.0,4.0,0,0,3,1,0.59
11.79,0.5,6.0,0,0,2,3,0.29
132.0,6.0,1.0,0,1,1,3,0.49
198.27,6.0,2.0,0,1,1,1,0.53
139.85,1.0,1.5,0,0,1,1,0.57
9.01,2.0,1.0,1,0,3,3,1.0
8.02,6.0,0.5,1,0,1,2,0.99
75.45,1.0,1.5,1,0,2,2,0.87
36.17,3.0,3.0,0,0,1,3,0.8
5.74,1.5,3.0,0,0,1,1,0.39
29.34,6.0,6.0,1,0,3,1,1.0
37.92,0.5,0.5,1,0,2,3,1.0
39.42,0.5,2.0,0,0,1,3,0.44
44.63,2.0,3.0,0,1,1,2,0.25
166.59,6.0,1.5,0,0,1,2,0.79
112.03,6.0,7.26,1,0,3,2,0.96
71.08,0.5,4.0,0,0,2,1,0.61
3.35,4.0,0.5,0,1,1,1,0.37
21.11,1.0,4.0,1,0,2,1,0.74
77.95,1.5,3.0,0,0,3,2,0.64
12.76,1.0,6.0,1,1,3,1,0.51
138.08,2.0,6.0,1,0,1,3,0.98
3.68,0.5,3.0,0,0,2,1,0.36
10.28,3.0,2.0,0,0,3,3,0.63
148.12,2.0,0.5,0,0,2,3,0.72
7.65,6.0,0.5,1,1,3,3,0.74
170.7,1.0,2.0,0,1,2,1,0.19
13.43,0.5,3.0,1,0,2,3,0.74
7.01,2.0,4.0,1,0,1,2,0.65
19.14,1.5,3.0,0,0,2,3,0.37
80.59,1.0,2.67,0,0,3,3,0.52
5.3,1.0,3.0,0,1,3,1,0.04
4.51,4.0,3.0,0,0,2,3,0.61
189.81,2.0,3.0,0,0,3,2,0.59
22.62,4.0,1.5,0,0,3,2,0.59
41.68,1.0,6.0,1,0,3,1,1.0
46.61,6.0,2.0,0,0,1,2,0.74
37.66,1.5,6.0,1,0,2,3,0.93
8.46,2.0,1.5,0,0,1,2,0.64
23.9,1.0,2.0,0,0,3,1,0.39
5.79,4.0,1.5,1,0,2,1,1.0
8.75,4.0,1.0,0,0,2,1,0.66
13.54,3.0,0.5,1,0,1,3,1.0
4.28,4.0,1.5,0,0,1,2,0.59
105.82,1.0,4.0,1,0,2,2,0.87
174.64,3.0,1.5,1,0,1,2,1.0
93.94,4.0,3.0,1,0,3,3,1.0
7.44,0.5,0.5,1,0,2,2,1.0
110.63,2.0,3.0,1,0,1,1,0.9
146.68,1.0,4.0,1,0,2,2,0.9
165.96,1.0,0.5,0,1,1,3,0.45
42.36,6.0,3.0,1,0,3,3,1.0
10.2,1.0,0.5,1,1,2,1,0.71
4.24,1.5,1.0,1,0,3,3,1.0
31.76,1.5,3.0,0,0,1,1,0.52
24.57,3.0,4.48,0,0,1,3,0.55
52.04,3.0,0.5,1,0,3,2,1.0
41.07,2.0,4.0,0,1,1,1,0.22
36.83,1.5,1.5,1,0,2,2,1.0
31.41,2.0,2.0,1,0,3,1,1.0
89.73,0.5,3.0,1,1,3,1,0.72
199.64,3.0,2.0,0,0,2,2,0.79
38.5,6.0,6.0,0,0,2,3,0.72
9.62,3.0,3.0,1,0,1,2,1.0
18.53,6.0,1.0,1,1,3,2,0.79
16.53,1.5,1.5,1,0,1,2,0.96
2.25,1.0,4.0,1,0,3,2,0.76
26.52,2.0,0.5,1,0,1,2,1.0
91.35,6.0,1.0,0,0,1,2,0.8
6.36,0.5,4.0,1,1,2,1,0.47
86.9,1.5,4.0,0,0,1,2,0.49
82.59,1.5,3.0,0,1,3,2,0.19
87.44,1.5,3.0,1,0,1,1,0.89
129.57,3.0,4.14,0,0,2,1,0.5
4.18,6.0,1.0,1,0,3,3,0.97
1.5,6.0,3.0,1,0,3,1,1.0
16.46,1.0,4.0,1,0,2,2,0.69
162.26,1.0,1.5,0,1,2,3,0.22
50.75,6.0,3.0,1,0,2,2,1.0
7.37,4.0,1.0,1,0,2,1,1.0
85.85,2.0,6.0,1,0,3,3,1.0
32.11,0.5,2.0,1,1,2,1,0.63
129.85,6.0,2.0,0,0,1,2,0.83
124.56,1.5,6.0,1,0,3,1,0.98
9.45,0.5,2.0,1,0,2,1,0.73
198.98,1.0,0.5,0,0,3,1,0.94
4.97,2.0,3.38,0,0,3,3,0.32
33.41,6.0,0.5,1,0,2,1,1.0
1.18,1.0,2.0,0,0,3,1,0.43
2.3,0.5,1.0,1,0,2,2,0.73
12.78,1.0,1.0,0,0,3,2,0.6
9.57,1.5,1.5,0,0,2,3,0.59
1.54,4.0,2.0,1,0,2,2,1.0
94.04,1.0,1.99,1,0,2,1,0.95
3.17,4.0,6.0,0,0,1,1,0.35
15.04,2.0,6.0,1,0,2,1,0.78
2.52,4.0,2.0,1,1,3,3,0.74
55.99,6.0,1.0,0,1,1,3,0.51
22.61,6.0,2.0,1,0,1,2,1.0
81.16,0.5,6.0,1,1,3,3,0.7
5.78,0.5,1.0,1,1,2,3,0.38
9.93,3.0,6.0,1,1,2,2,0.42
16.97,1.0,2.0,0,1,1,2,0.0
153.49,1.5,0.5,1,1,2,3,0.88
167.29,1.5,1.0,0,1,3,3,0.54
79.48,4.0,1.0,0,0,1,1,0.87
14.75,2.0,1.5,0,0,2,2,0.55
199.05,2.0,3.21,0,0,2,2,0.57
16.58,4.0,3.0,1,0,3,3,1.0
21.88,0.5,0.5,1,0,1,1,1.0
11.9,3.0,0.5,0,0,1,2,0.55
41.07,2.0,2.0,0,0,2,1,0.89
11.58,6.0,3.0,1,0,3,2,1.0
3.18,6.0,0.5,0,0,2,2,0.54
112.96,1.5,4.0,0,0,2,2,0.43
77.79,4.0,6.0,1,0,3,3,0.94
114.16,6.0,1.0,0,0,1,3,0.81
37.33,3.0,6.0,0,0,1,3,0.45
118.52,6.0,4.0,1,0,1,1,1.0
10.05,6.0,2.0,0,0,2,2,0.57
5.76,2.0,1.5,0,0,1,3,0.59
16.23,2.0,3.63,1,0,3,2,0.8
105.66,3.0,0.5,1,1,2,3,0.86
194.71,2.0,4.0,0,0,3,2,0.58
83.44,1.0,3.0,0,0,2,3,0.48
36.87,4.0,1.5,1,0,3,1,1.0
42.05,1.0,6.0,0,0,3,2,0.54
7.24,6.0,3.0,0,0,2,2,0.56
18.6,2.0,6.0,0,0,2,3,0.37
28.24,1.5,0.5,1,0,2,1,1.0
153.06,1.0,3.0,0,0,1,2,0.53
9.5,6.0,1.0,0,0,2,2,0.57
5.93,6.0,3.0,1,0,2,3,0.98
195.87,1.5,2.0,1,0,1,2,0.9
7.6,0.5,4.0,0,0,1,2,0.38
133.95,1.5,4.0,1,0,2,2,0.91
33.38,2.0,4.0,1,1,1,3,0.59
6.0,6.0,1.0,1,1,3,1,0.82
168.64,1.0,3.0,1,0,1,2,1.0
98.35,1.0,3.0,0,1,3,3,0.21
1.86,2.0,6.0,0,1,2,3,0.03
11.8,4.0,0.5,0,0,2,2,0.73
2.52,1.5,2.99,0,0,1,1,0.4
7.83,1.5,2.21,1,0,3,1,0.77
23.39,2.0,2.0,1,1,2,1,0.74
26.05,1.5,3.33,0,0,2,2,0.58
16.46,0.5,1.5,1,0,1,3,0.71
10.88,0.5,6.0,1,0,3,3,0.77
4.6,1.0,0.5,0,1,2,3,0.34
35.23,4.0,2.0,1,0,3,1,1.0
41.85,4.0,4.0,1,0,3,2,1.0
110.83,1.5,1.0,0,0,1,3,0.77
44.1,3.0,1.0,0,0,1,1,0.92
6.76,0.5,1.5,0,0,3,3,0.4
152.36,3.0,4.0,0,0,1,1,0.57
4.17,3.0,1.5,0,0,2,3,0.6
42.12,1.5,1.5,1,1,1,2,0.9
47.69,1.0,6.0,1,0,3,3,0.97
3.15,1.0,4.0,1,0,2,2,0.72
71.16,1.0,1.5,1,1,1,2,0.59
10.92,6.0,0.5,1,0,1,3,0.99
2.15,0.5,0.5,1,0,2,3,1.0
7.35,1.0,4.0,0,0,2,1,0.31
41.38,0.5,2.0,1,1,3,2,0.69
1.06,6.0,1.0,1,0,1,1,1.0
7.62,6.0,1.0,0,0,3,1,0.74
36.86,3.0,4.0,1,0,3,3,1.0
7.13,6.0,1.5,1,0,2,1,1.0
140.2,2.0,1.5,1,0,2,3,1.0
16.66,2.0,4.0,0,0,1,2,0.29
10.58,1.5,3.0,1,0,2,3,0.73
7.21,0.5,6.0,0,0,2,2,0.27
79.85,4.0,0.5,1,0,1,1,1.0
184.2,3.0,1.0,1,0,3,3,1.0
4.11,1.0,4.0,0,0,1,3,0.34
41.11,3.0,1.0,1,0,1,2,1.0
34.87,1.0,1.5,0,0,1,2,0.56
23.37,4.0,4.62,0,1,3,2,0.07
7.09,0.5,1.5,1,0,3,2,0.74
16.55,2.0,1.5,0,0,3,1,0.7
187.04,4.0,1.5,0,0,3,3,0.81
35.96,1.0,0.5,0,0,3,2,0.83
22.54,6.0,6.0,0,1,3,3,0.38
9.82,1.0,2.37,1,0,3,2,0.71
4.89,0.5,6.0,1,1,2,3,0.46
34.75,1.0,2.21,0,0,3,2,0.52
88.93,1.0,3.0,0,0,3,3,0.58
33.78,3.0,4.0,1,0,1,2,0.92
12.83,1.5,6.0,0,0,3,2,0.36
16.84,6.0,3.0,0,0,3,2,0.61
12.6,2.0,1.0,1,0,3,1,1.0
43.63,6.0,6.0,1,1,2,1,1.0
140.61,2.0,3.0,1,0,1,3,0.92
43.42,1.5,0.5,1,1,1,1,0.9
43.82,1.0,6.0,0,0,2,3,0.62
44.55,6.0,2.0,1,0,3,1,1.0
60.88,1.5,0.5,1,0,3,3,1.0
42.73,0.5,4.0,1,0,2,1,0.87
4.92,2.0,4.0,1,0,2,1,0.71
10.42,3.0,3.85,0,0,3,1,0.48
20.3,2.0,1.0,1,0,2,3,1.0
28.13,0.5,2.0,0,1,2,3,0.22
140.5,4.0,6.0,0,0,3,3,0.58
33.53,1.5,1.5,0,1,1,3,0.51
4.17,3.0,0.5,1,1,3,1,0.8
185.65,1.0,6.0,1,0,3,2,0.99
4.18,6.0,1.5,0,0,1,1,0.58
20.07,4.0,3.0,1,0,2,1,0.93
4.76,0.5,1.15,1,0,3,3,0.7
61.46,6.0,6.0,1,0,1,2,1.0
18.25,4.0,1.5,0,0,1,1,0.66
2.46,6.0,1.5,0,0,1,1,0.71
16.04,6.0,1.0,1,0,2,3,1.0
129.17,3.0,0.5,0,0,2,3,0.83
8.94,2.0,1.0,1,0,1,3,1.0
51.16,4.0,4.92,1,1,1,3,0.64
17.59,2.0,6.0,1,0,3,1,0.81
11.85,4.0,1.0,1,0,1,3,1.0
59.57,4.0,4.0,0,0,3,3,0.96
16.77,1.5,6.0,0,0,1,2,0.31
75.33,1.0,3.0,0,0,2,1,0.53
166.25,1.5,4.0,1,1,2,1,0.67
51.17,3.0,1.5,0,0,1,3,0.75
34.25,1.0,1.0,1,0,3,1,1.0
163.4,1.0,0.5,1,1,2,3,0.76
10.09,1.5,6.0,1,1,3,1,0.6
71.36,2.0,6.0,0,0,3,3,0.56
75.86,4.0,3.0,0,1,1,2,0.51
12.15,1.5,3.0,1,0,2,2,0.72
10.74,3.0,4.0,1,0,1,2,0.69
149.88,1.0,3.0,1,0,2,1,1.0
193.69,1.5,0.5,0,1,3,1,0.61
4.97,4.0,6.0,1,0,1,1,0.61
8.36,0.5,4.0,1,0,1,1,0.63
6.2,4.0,5.93,0,0,2,3,0.31
2.37,1.5,0.5,0,0,2,2,0.72
17.0,1.5,6.0,1,0,3,1,0.85
9.28,2.0,4.0,1,0,3,3,0.76
42.72,1.5,6.0,1,0,3,2,0.97
13.55,6.0,1.0,1,0,3,1,1.0
38.27,1.5,0.5,0,0,1,1,0.81
174.48,1.5,2.21,0,0,2,1,0.61
40.03,0.5,6.0,0,0,1,1,0.6
10.48,1.0,0.5,1,1,1,3,0.68
7.29,2.0,1.5,0,0,2,3,0.57
3.95,3.0,3.0,0,0,2,3,0.69
11.11,4.0,3.0,0,0,1,3,0.59
32.76,3.0,1.0,1,0,2,3,1.0
137.44,3.0,1.0,0,0,2,1,0.83
24.75,2.0,1.5,0,0,2,1,0.91
159.33,6.0,6.56,1,1,1,1,0.61
121.42,6.0,6.72,1,0,3,3,0.93
40.49,1.5,0.5,0,0,3,3,0.89
7.82,2.0,6.0,1,0,2,3,0.7
30.73,6.0,6.0,1,0,3,1,1.0
6.06,6.0,1.0,0,0,2,2,0.62
189.04,6.0,1.0,1,0,2,3,1.0
170.45,3.0,3.0,1,0,2,3,1.0
11.24,4.0,3.0,1,0,2,1,0.99
35.74,2.0,1.0,0,0,2,2,0.8
8.13,0.5,6.0,1,0,3,1,0.81
120.23,2.0,1.0,0,0,1,1,0.87
60.8,0.5,4.0,1,0,1,3,0.83
3.02,3.0,3.0,1,1,3,1,0.92
9.81,0.5,0.5,0,0,1,1,0.56
10.25,1.5,6.0,1,0,1,1,0.64
26.21,0.5,1.5,1,1,3,1,0.69
1.01,2.0,3.0,1,0,1,3,0.61
8.55,6.0,3.0,0,0,3,1,0.78
7.78,0.5,1.0,1,0,2,1,0.64
5.56,6.0,1.0,0,0,1,1,0.67
2.03,0.5,2.0,0,0,2,3,0.35
7.41,3.0,6.0,1,1,2,3,0.32
62.8,4.0,2.0,0,1,3,1,0.56
36.86,4.0,6.0,0,1,3,1,0.23
82.56,4.0,4.0,0,0,1,3,0.77
92.97,6.0,4.0,0,0,2,3,0.8
11.33,4.0,3.0,0,0,3,1,0.73
68.57,4.0,3.0,1,1,1,1,0.98
199.11,1.0,1.5,0,0,2,3,0.53
148.52,6.0,3.0,1,0,3,2,1.0
12.64,0.5,2.0,0,0,1,3,0.34
3.84,3.0,6.0,0,1,2,1,0.01
139.03,0.5,1.5,1,0,3,3,0.95
141.17,0.5,3.0,1,0,3,2,0.9
160.53,6.0,0.5,0,0,1,2,0.78
7.71,0.5,2.0,1,0,3,3,0.78
150.92,2.0,1.5,1,0,1,3,1.0
79.26,1.0,0.5,1,0,3,1,1.0
16.5,0.5,0.5,0,0,2,1,0.59
115.49,0.5,2.0,1,0,1,1,0.93
1.07,3.0,1.5,0,0,3,2,0.65
12.99,3.0,4.87,1,0,1,2,0.64
107.09,3.0,4.0,0,0,3,1,0.6
19.92,2.0,1.0,1,1,2,3,0.66
37.86,6.0,1.5,1,0,3,2,1.0
9.29,1.0,1.0,0,1,2,2,0.37
83.89,0.5,0.5,0,0,1,3,0.68
16.12,6.0,1.5,0,1,3,3,0.3
95.97,2.0,1.0,0,1,3,2,0.51
90.07,1.0,4.0,1,1,1,1,0.7
30.3,0.5,3.0,1,0,2,2,0.86
167.3,1.5,2.25,0,1,3,1,0.37
22.38,1.5,1.0,0,0,3,1,0.75
80.55,3.0,3.85,0,0,1,3,0.44
177.16,6.0,2.0,0,0,1,1,0.79
4.79,4.0,2.0,0,0,3,2,0.62
13.64,3.0,2.0,1,0,3,2,1.0
18.36,0.5,0.5,0,0,3,2,0.57
9.66,1.5,3.1,0,0,1,2,0.33
4.37,0.5,1.1,0,1,1,1,0.04
2.11,3.0,3.0,0,0,2,2,0.56
9.09,1.0,0.5,1,0,1,2,1.0
13.54,6.0,1.0,1,0,3,1,1.0
3.32,4.0,1.5,0,1,3,2,0.34
45.81,4.0,1.5,1,0,1,3,1.0
30.4,6.0,0.5,1,0,1,3,1.0
11.36,3.0,1.0,1,1,2,2,0.73
17.9,1.5,4.0,0,0,3,3,0.36
37.89,2.0,0.5,0,0,2,1,0.73
153.96,2.0,3.0,0,0,1,3,0.54
97.96,1.5,6.0,1,0,3,1,0.91
26.73,2.0,1.0,1,0,1,2,1.0
139.78,1.5,1.0,1,0,2,1,1.0
182.86,3.0,6.0,0,0,2,1,0.46
120.47,1.5,0.5,0,0,3,3,0.87
42.04,4.0,6.0,0,0,2,1,0.5
6.86,1.0,0.5,0,1,3,1,0.48
15.99,4.0,1.0,0,1,2,3,0.29
5.07,4.0,2.0,1,1,1,2,0.78
105.03,0.5,3.0,1,0,3,1,1.0
3.05,1.5,1.5,0,0,1,1,0.65
92.6,0.5,1.55,1,0,1,2,0.89
163.42,4.0,6.0,0,0,3,2,0.6
95.92,6.0,4.0,1,0,2,1,1.0
8.53,1.5,2.0,0,0,3,2,0.36
19.26,1.5,3.0,0,1,3,2,0.06
40.45,4.0,1.5,1,0,1,2,1.0
92.4,6.0,4.0,0,0,3,1,0.87
11.21,1.5,6.0,0,0,3,2,0.35
15.41,2.0,1.0,0,0,2,2,0.61
181.84,6.0,6.0,1,0,3,3,1.0
39.0,2.0,4.0,0,0,1,3,0.49
97.53,2.0,1.0,0,0,1,2,0.78
40.54,0.5,4.0,0,0,3,3,0.55
14.32,4.0,3.0,0,1,1,3,0.27
5.86,0.5,3.0,1,1,3,3,0.46
15.64,1.0,2.2,0,0,1,1,0.36
161.33,6.0,1.5,1,0,1,1,1.0
105.4,4.0,0.5,1,0,2,1,1.0
29.14,1.5,2.0,1,0,1,1,0.91
7.13,4.0,3.0,0,1,2,3,0.31
2.24,4.0,1.0,1,0,1,1,1.0
7.4,4.0,2.0,0,0,1,3,0.61
197.91,3.0,1.5,1,0,3,2,1.0
178.51,4.0,1.5,1,0,2,1,1.0
19.47,0.5,6.0,0,0,1,1,0.42
2.27,4.0,1.0,1,0,2,2,1.0
24.5,2.0,2.0,0,0,3,1,0.86
8.03,6.0,7.15,1,0,1,3,0.7
27.44,1.5,1.5,0,0,2,2,0.8
57.69,3.0,1.0,0,1,1,1,0.62
1.29,1.5,6.0,0,1,2,2,0.02
36.08,2.0,6.0,1,0,1,3,0.92
63.16,1.5,3.46,0,0,1,1,0.61
3.87,1.0,0.5,1,0,3,2,1.0
2.28,4.0,2.0,1,0,1,3,1.0
8.96,1.0,0.5,0,0,1,2,0.61
3.99,2.0,3.0,1,0,3,2,0.71
93.55,1.0,1.0,0,0,3,1,0.92
25.18,0.5,0.5,1,0,1,3,1.0
30.94,0.5,0.5,1,1,1,1,0.93
15.49,4.0,4.0,1,0,1,1,1.0
37.9,0.5,1.0,0,0,1,1,0.54
154.39,0.5,0.5,0,0,2,1,0.77
132.0,2.0,0.5,0,0,3,1,0.85
2.45,4.0,5.03,1,1,3,3,0.43
143.03,1.0,3.0,0,0,2,2,0.53
138.82,0.5,1.5,1,0,1,3,0.89
159.55,1.0,3.0,0,0,1,2,0.54
10.61,6.0,4.0,0,0,3,3,0.62
85.24,4.0,0.5,1,1,2,1,0.92
132.27,6.0,2.0,1,0,1,3,1.0
10.65,6.0,1.0,1,0,3,3,1.0
60.42,1.0,2.0,1,0,1,2,0.88
2.74,0.5,3.0,1,1,2,2,0.44
9.46,4.0,0.5,1,0,1,2,0.91
12.94,3.0,3.85,0,0,3,1,0.39
6.25,1.0,1.0,1,0,2,1,1.0
6.0,1.0,1.5,0,0,2,1,0.32
63.62,1.5,4.0,0,0,2,3,0.49
57.98,4.0,1.0,0,0,1,3,0.88
9.52,6.0,4.0,1,1,1,3,0.65
25.09,2.0,2.0,1,0,2,1,1.0
4.55,3.0,4.6,1,0,1,3,0.69
3.71,3.0,1.0,1,0,3,3,1.0
159.92,2.0,2.0,0,0,1,3,0.86
27.44,4.0,1.0,1,0,2,2,1.0
53.79,6.0,4.0,0,1,3,1,0.64
26.33,6.0,6.78,0,1,1,1,0.22
87.09,3.0,1.5,1,0,1,3,1.0
9.62,1.5,4.0,1,0,1,1,0.67
100.11,6.0,7.8,1,0,2,1,0.98
36.88,4.0,2.0,0,1,2,3,0.47
38.52,2.0,6.0,0,0,3,3,0.52
4.78,2.0,0.5,1,0,2,3,1.0
25.51,4.0,1.5,1,0,1,1,1.0
83.54,3.0,4.0,1,1,3,2,0.73
158.05,3.0,3.0,1,0,3,3,1.0
93.88,4.0,4.0,0,0,1,1,0.88
3.21,1.5,6.0,0,1,1,2,0.0
11.51,0.5,1.1,0,0,3,2,0.38
6.8,1.0,1.78,1,0,1,3,0.68
31.85,3.0,0.5,0,0,3,2,0.79
40.59,6.0,3.0,1,1,3,2,1.0
171.0,0.5,1.44,1,1,3,1,0.68
28.68,1.5,3.0,1,0,2,2,0.88
133.26,3.0,1.0,0,1,3,3,0.55
99.73,6.0,1.5,1,0,3,1,1.0
31.82,3.0,1.0,1,0,2,3,1.0
7.99,1.0,3.0,1,0,1,1,0.74
8.18,1.0,3.0,0,1,3,2,0.07
10.16,1.5,3.45,0,0,3,1,0.37
36.55,6.0,3.0,0,0,3,2,0.75
197.07,1.0,0.5,1,0,3,2,1.0
175.85,1.0,1.5,0,0,2,3,0.59
1.48,1.0,2.91,0,0,3,3,0.32
151.81,6.0,2.0,1,0,1,1,1.0
104.92,2.0,1.0,0,0,2,3,0.78
198.48,1.0,2.0,1,0,2,2,0.89
123.05,1.5,2.0,1,0,3,1,1.0
101.16,6.0,2.0,1,0,3,3,1.0
6.95,6.0,4.0,1,1,2,3,0.71
8.28,3.0,1.0,1,0,3,1,1.0
79.35,1.5,6.0,1,0,2,1,1.0
103.73,1.0,3.0,1,1,1,3,0.66
23.84,2.0,2.51,0,0,1,1,0.4
16.5,4.0,2.0,1,0,2,3,0.89
14.63,0.5,3.0,1,0,2,3,0.7
118.98,4.0,1.0,1,0,1,3,1.0
34.0,0.5,4.0,0,0,3,2,0.55
103.46,3.0,3.0,1,0,3,3,1.0
1.87,6.0,1.0,0,0,1,1,0.7
26.09,1.0,2.4,0,0,1,1,0.59
172.26,1.5,0.5,1,0,1,1,1.0
8.99,1.5,2.0,1,0,3,2,0.7
13.95,2.0,1.5,1,0,2,1,1.0
36.26,2.0,1.0,0,0,3,1,0.88
33.64,1.0,0.5,1,1,3,1,1.0
4.98,0.5,1.5,1,0,3,1,0.8
6.65,3.0,6.0,0,0,1,2,0.3
32.68,3.0,6.0,0,1,3,1,0.19
156.08,3.0,4.0,1,0,3,3,1.0
33.08,1.5,4.0,1,0,1,2,0.85
24.29,1.5,1.0,1,0,3,3,1.0
16.05,6.0,2.0,0,1,2,1,0.36
78.91,1.0,2.0,0,0,3,1,0.59
71.99,1.0,3.0,0,0,1,3,0.53
6.07,1.5,1.0,0,0,1,1,0.62
14.49,0.5,2.0,0,0,3,2,0.34
52.07,6.0,3.0,0,0,2,1,0.94
21.39,0.5,1.39,1,0,3,3,0.75
190.87,1.5,2.0,1,1,2,2,0.64
107.5,4.0,4.0,0,0,3,1,0.8
34.29,0.5,2.0,1,0,2,3,0.82
177.95,1.5,2.5,1,0,2,2,0.92
57.09,2.0,1.5,0,0,3,2,0.87
35.11,1.0,0.5,0,0,1,1,0.97
22.92,1.0,1.0,1,0,3,3,0.99
166.21,3.0,6.0,0,0,1,2,0.54
22.09,3.0,1.5,1,0,1,2,0.98
2.47,1.0,4.0,1,0,3,1,0.79
2.51,1.0,3.0,1,0,2,2,0.75
33.63,2.0,2.59,0,0,1,1,0.59
8.5,1.5,1.5,1,0,3,3,0.96
101.84,1.5,1.0,0,1,2,3,0.51
127.69,1.0,6.0,0,0,2,3,0.46
104.65,1.5,2.0,0,0,1,1,0.61
1.26,4.0,1.5,0,0,3,1,0.66
29.68,1.5,1.0,1,0,1,2,1.0
118.99,1.0,1.6,0,0,3,1,0.64
97.58,2.0,1.5,1,0,1,2,1.0
7.23,0.5,0.5,1,0,3,2,0.97
40.13,1.5,1.5,0,0,1,1,1.0
139.79,1.5,1.0,1,0,1,2,1.0
2.7,4.0,5.46,1,0,2,3,0.68
171.14,3.0,4.0,1,0,1,2,0.9
6.42,6.0,3.0,0,0,3,2,0.62
8.93,1.0,4.0,1,1,3,1,0.53
1.7,4.0,1.5,1,0,2,2,0.97
9.6,3.0,2.0,0,1,2,1,0.33
13.26,2.0,1.5,0,0,3,1,0.76
53.43,1.5,1.5,0,0,3,2,0.78
124.96,4.0,4.0,0,1,1,3,0.58
38.98,0.5,1.0,1,0,3,3,0.98
28.12,3.0,1.0,1,1,1,1,0.98
60.41,0.5,6.0,0,0,1,1,0.63
3.45,1.0,3.0,1,1,1,1,0.38
115.03,4.0,2.0,1,0,2,1,1.0
92.99,6.0,4.0,0,0,3,3,0.81
8.42,2.0,3.01,0,1,2,2,0.0
33.56,2.0,6.0,0,0,2,3,0.49
3.37,1.0,1.5,0,0,3,2,0.35
5.79,6.0,1.5,1,1,1,2,0.67
17.02,3.0,1.0,1,0,2,1,1.0
2.55,1.0,2.44,1,1,3,1,0.51
5.19,2.0,4.0,0,1,2,3,0.0
9.27,1.5,1.5,0,0,1,2,0.64
36.65,1.0,0.5,1,0,1,1,1.0
117.77,0.5,1.5,0,0,1,3,0.41
51.11,2.0,1.5,1,0,3,3,1.0
10.14,6.0,1.0,0,0,3,3,0.72
18.13,0.5,2.0,1,0,1,1,0.76
19.52,0.5,1.0,1,0,3,3,0.67
168.96,0.5,2.0,1,0,3,3,1.0
10.41,1.0,6.0,0,0,1,3,0.41
150.15,4.0,3.0,1,0,3,2,1.0
172.08,3.0,0.5,1,0,1,1,1.0
123.81,6.0,4.0,0,0,2,3,0.82
13.22,1.5,3.33,0,0,3,1,0.4
6.39,6.0,6.0,1,0,2,2,0.99
168.48,0.5,6.0,0,0,1,1,0.48
10.92,1.0,0.5,0,0,3,1,0.7
155.49,3.0,4.0,0,0,2,2,0.49
9.39,1.5,6.0,1,0,1,3,0.67
71.32,4.0,4.69,1,0,2,3,0.88
161.48,2.0,2.0,0,0,1,3,0.8
7.75,1.5,4.0,0,0,2,2,0.28
95.22,1.5,1.0,0,0,1,3,0.88
113.13,2.0,1.5,1,0,1,1,1.0
5.78,4.0,1.5,1,0,1,1,0.97
6.08,3.0,1.0,0,0,2,2,0.67
19.97,2.0,0.5,0,1,1,2,0.37
99.06,4.0,1.0,0,1,3,3,0.61
10.43,3.0,4.29,1,0,1,3,0.7
7.71,0.5,2.0,1,0,1,1,0.72
45.87,2.0,3.0,0,0,3,1,0.61
25.44,3.0,6.0,0,0,1,2,0.54
4.22,2.0,1.0,0,0,1,2,0.55
47.54,4.0,1.5,1,0,1,2,1.0
7.34,6.0,1.0,1,0,3,3,1.0
52.62,3.0,2.0,0,0,2,3,0.74
32.4,2.0,1.0,1,0,3,1,1.0
99.2,1.5,3.0,0,0,1,3,0.52
34.07,1.0,1.5,1,0,3,3,0.97
79.86,6.0,1.5,0,0,2,3,0.78
3.73,3.0,4.0,0,0,2,3,0.28
197.58,3.0,6.0,1,0,1,1,0.83
112.83,0.5,2.0,1,1,3,3,0.6
7.11,1.5,2.0,1,0,1,2,0.75
4.43,1.0,3.0,1,0,3,2,0.76
83.61,1.0,1.0,1,0,1,3,1.0
8.02,3.0,4.0,0,0,2,1,0.33
46.17,1.5,2.0,1,0,2,1,0.88
11.54,3.0,3.0,0,1,1,1,0.38
188.1,3.0,2.0,0,0,3,2,0.88
173.45,2.0,3.9,1,0,1,2,0.89
15.8,6.0,4.0,0,0,3,3,0.71
19.7,0.5,1.0,1,0,3,3,0.72
13.54,2.0,4.0,1,0,2,3,0.76
27.46,1.5,1.0,1,0,3,2,1.0
1.79,6.0,0.5,0,0,1,1,0.58
116.64,1.0,1.5,1,0,1,1,1.0
22.74,1.5,1.0,1,1,1,1,0.75
8.57,2.0,3.29,1,1,3,1,0.62
21.96,4.0,4.62,0,0,1,2,0.31
175.43,0.5,1.5,0,0,2,1,0.46
13.19,0.5,2.0,0,0,1,2,0.3
8.27,2.0,6.0,0,0,1,2,0.33
95.25,4.0,5.43,1,0,3,2,0.91
11.79,3.0,2.0,0,0,2,1,0.52
14.92,1.0,6.0,1,1,2,1,0.56
107.33,3.0,1.5,0,0,2,3,0.82
45.3,4.0,3.0,0,0,2,2,0.73
46.66,1.0,3.0,0,0,1,2,0.41
38.06,2.0,1.0,0,0,2,3,0.83
160.59,0.5,1.5,1,0,2,3,0.94
4.62,1.5,4.0,1,0,1,3,0.79
146.76,3.0,3.0,1,0,1,1,1.0
49.64,3.0,1.5,0,0,1,3,0.84
162.26,3.0,4.45,0,1,3,3,0.24
8.16,1.0,0.5,1,0,3,1,1.0
5.51,4.0,3.0,1,0,1,1,1.0
46.73,1.0,1.0,0,0,3,1,0.91
141.28,3.0,1.5,1,0,3,2,1.0
108.71,6.0,3.0,0,0,3,1,0.91
53.69,2.0,6.0,1,0,2,2,0.9
2.92,1.5,1.0,0,0,3,1,0.69
3.16,1.5,4.0,0,0,1,3,0.26
10.72,3.0,4.0,0,0,1,2,0.26
1.51,3.0,3.0,1,0,3,1,1.0
26.27,0.5,4.0,0,0,1,3,0.49
100.85,2.0,0.5,1,0,1,3,1.0
6.51,3.0,0.5,1,0,3,2,1.0
5.83,1.5,1.5,0,0,2,3,0.63
10.04,1.0,1.0,1,0,3,1,1.0
1.41,3.0,1.5,1,0,2,2,0.97
5.21,3.0,4.66,1,0,2,3,0.68
114.41,0.5,0.5,1,0,3,1,1.0
26.35,4.0,1.5,1,1,3,2,0.92
5.14,6.0,1.5,1,0,1,3,0.93
34.78,6.0,3.0,0,0,2,1,0.91
118.32,1.5,6.0,0,0,1,1,0.54
2.59,6.0,4.0,0,0,3,2,0.72
5.65,6.0,6.0,1,1,3,2,0.75
189.62,1.5,4.0,0,0,1,2,0.59
108.09,2.0,3.23,1,0,1,3,0.81
37.51,1.5,0.5,1,0,2,1,1.0
2.32,0.5,1.0,0,1,1,3,0.0
153.83,0.5,2.0,0,0,3,2,0.58
37.61,3.0,1.5,0,0,2,1,0.76
8.93,1.5,3.08,0,0,2,3,0.31
4.62,6.0,2.0,0,1,1,2,0.28
35.85,1.0,2.0,1,0,3,1,1.0
6.34,1.0,3.0,0,0,2,3,0.34
16.11,3.0,1.5,1,0,2,2,0.98
11.09,1.5,6.0,0,0,3,2,0.43
176.6,6.0,3.0,0,0,2,1,0.89
197.95,6.0,0.5,1,0,1,1,1.0
60.95,0.5,2.0,0,1,1,3,0.18
106.06,4.0,1.5,0,1,3,1,0.6
130.97,1.0,1.0,0,0,1,1,0.93
31.05,2.0,3.63,0,0,3,3,0.55
150.26,2.0,2.0,1,0,3,2,1.0
35.44,6.0,7.98,0,0,3,3,0.52
41.34,1.0,2.68,1,0,1,2,0.9
26.65,1.5,4.0,1,0,2,3,0.99
10.43,3.0,2.0,0,0,3,3,0.71
22.08,1.0,2.03,1,0,2,1,0.77
23.37,1.0,4.0,1,0,2,3,0.74
9.68,1.5,3.0,0,0,2,3,0.28
83.34,2.0,0.5,0,1,1,3,0.54
165.19,2.0,6.0,1,0,3,1,1.0
2.7255024521775923,0.5,2.0,0,1,2,2,0.12
1.797545742514174,0.5,2.0,0,1,3,2,0.03
1.1544773122771836,1.0,6.0,0,1,1,2,0.13
3.9430586699179546,1.0,4.0,0,1,1,3,0.02
2.384229769438912,1.0,4.0,0,1,1,2,0.17
5.829072559993418,1.0,4.0,0,1,3,3,0.03
3.55470739616579,1.0,4.0,0,1,2,3,0.06
1.3947778626470022,1.0,2.0,0,1,3,3,0.1
3.456187157754168,0.5,6.0,0,1,3,3,0.07
3.3390311611361723,0.5,4.0,0,1,1,3,0.19
5.1146112727200554,1.0,6.0,0,1,1,2,0.07
4.1222946491093,0.5,6.0,0,1,3,2,0.26
2.089561019832517,1.0,3.0,0,1,1,3,0.15
1.3369930053922392,0.5,3.0,0,1,1,2,0.1
3.889261341016484,0.5,2.0,0,1,2,3,0.0
2.093050623052841,0.5,4.0,0,1,2,2,0.24
4.803759845365097,0.5,4.0,0,1,3,2,0.2
4.445631889605872,1.0,4.0,0,1,1,3,0.08
1.7856608778688905,0.5,4.0,0,1,3,2,0.15
4.26487961127361,1.0,4.0,0,1,3,2,0.17
2.0340793027852433,1.0,3.0,0,1,2,3,0.18
2.642568523210067,1.0,4.0,0,1,1,3,0.11
4.349769191560316,1.0,4.0,0,1,3,3,0.07
1.2381598637467168,1.0,4.0,0,1,1,3,0.08
2.0570690181433977,0.5,3.0,0,1,3,2,0.05
1.7414569773335478,1.0,6.0,0,1,3,2,0.23
3.4346220179805567,0.5,2.0,0,1,3,2,0.1
4.049383536422621,1.0,3.0,0,1,1,2,0.01
1.298223651948026,1.0,6.0,0,1,3,2,0.02
1.0617634058901833,1.0,6.0,0,1,2,3,0.05
4.740676379425437,0.5,4.0,0,1,1,2,0.08
2.0268106585006875,0.5,2.0,0,1,3,2,0.2
4.954560638736768,0.5,2.0,0,1,3,2,0.15
4.819726560815811,0.5,2.0,0,1,1,2,0.22
3.515989108583528,1.0,6.0,0,1,3,2,0.1
3.451519828790759,1.0,3.0,0,1,1,2,0.1
5.007924848535115,1.0,3.0,0,1,2,2,0.09
5.758075378507981,0.5,6.0,0,1,1,2,0.09
4.620786482684572,1.0,6.0,0,1,2,3,0.07
1.2273026864356358,0.5,2.0,0,1,1,3,0.15
5.810045290352058,0.5,2.0,0,1,3,3,0.26
5.039179206368621,1.0,3.0,0,1,2,3,0.28
2.0891503416651767,0.5,6.0,0,1,3,2,0.04
2.7621316292139726,1.0,4.0,0,1,1,3,0.17
2.7002147165156574,1.0,6.0,0,1,1,2,0.09
4.711565242411118,0.5,3.0,0,1,3,3,0.01
2.233688873086276,1.0,2.0,0,1,1,2,0.12
3.562157526358391,0.5,3.0,0,1,3,3,0.08
2.7881784397399567,1.0,2.0,0,1,2,3,0.0
4.269067106398696,0.5,6.0,0,1,3,2,0.19
5.47483827540449,0.5,6.0,0,1,1,3,0.07
4.533461936087562,1.0,3.0,0,1,3,3,0.21
5.463716515929626,0.5,3.0,0,1,3,3,0.3
5.673350949613539,1.0,6.0,0,1,1,2,0.25
5.648576042057975,0.5,6.0,0,1,3,2,0.18
2.0640557959423536,1.0,3.0,0,1,3,3,0.25
5.893777287898316,0.5,6.0,0,1,3,2,0.23
5.000366268048908,1.0,2.0,0,1,3,3,0.27
5.27551437396952,1.0,6.0,0,1,3,2,0.04
4.9585777252897865,1.0,4.0,0,1,1,2,0.14
3.4961521928140713,1.0,4.0,0,1,2,3,0.27
1.4682288042228622,0.5,4.0,0,1,3,2,0.06
5.142024256597194,0.5,6.0,0,1,3,3,0.02
1.360045792630378,1.0,4.0,0,1,1,2,0.0
4.657617160820925,0.5,6.0,0,1,2,2,0.21
2.988091246797146,1.0,2.0,0,1,3,3,0.22
2.504649065088543,0.5,4.0,0,1,2,3,0.3
1.7412149099886718,0.5,6.0,0,1,3,2,0.22
4.71474909012464,0.5,6.0,0,1,3,2,0.28
5.89254806450653,0.5,3.0,0,1,1,2,0.0
2.3609027396007467,1.0,2.0,0,1,1,2,0.2
5.9976035765116835,0.5,4.0,0,1,2,3,0.28
2.5641851302294105,0.5,2.0,0,1,2,2,0.02
3.3694296178944056,1.0,2.0,0,1,1,2,0.11
1.8983858573154042,0.5,4.0,0,1,2,3,0.04
1.7979812935868014,0.5,6.0,0,1,3,3,0.1
2.630468327246284,1.0,2.0,0,1,3,2,0.29
3.2637644162101607,1.0,2.0,0,1,1,3,0.22
2.8724206768870904,1.0,4.0,0,1,3,2,0.06
3.660007053428745,0.5,3.0,0,1,3,3,0.08
5.775503662969084,0.5,2.0,0,1,2,3,0.09
2.3896981546607288,1.0,4.0,0,1,3,2,0.04
4.4836744725711455,0.5,6.0,0,1,3,3,0.25
5.951863661104744,0.5,4.0,0,1,3,2,0.28
2.556207116786209,0.5,4.0,0,1,2,2,0.05
4.695484776672044,0.5,4.0,0,1,3,2,0.22
3.011772289625167,1.0,6.0,0,1,1,3,0.21
5.625354891417423,0.5,2.0,0,1,3,2,0.14
5.529562102107387,0.5,2.0,0,1,1,2,0.26
3.1667830878373984,1.0,4.0,0,1,2,2,0.26
3.2942596375411037,0.5,3.0,0,1,1,2,0.09
1.4448265863354677,1.0,6.0,0,1,3,2,0.21
3.9359747657885187,1.0,4.0,0,1,3,2,0.02
2.088269677098546,0.5,6.0,0,1,1,3,0.13
5.475027048248544,1.0,3.0,0,1,1,3,0.12
1.6480590838064444,0.5,3.0,0,1,2,3,0.01
2.12459453850064,1.0,6.0,0,1,2,3,0.27
5.459107527976437,1.0,2.0,0,1,1,3,0.25
5.313380988591126,0.5,3.0,0,1,1,2,0.03
5.663753800860892,1.0,4.0,0,1,3,3,0.24
3.1531957132928303,0.5,2.0,0,1,3,3,0.04
3.753210032610505,0.5,2.0,0,1,1,3,0.2
3.6006016778492764,1.0,6.0,0,1,2,2,0.16
5.035560717625316,0.5,6.0,0,1,2,3,0.21
1.6524891438199243,1.0,2.0,0,1,1,2,0.04
2.851255607176219,1.0,3.0,0,1,1,3,0.05
5.444022201155876,1.0,4.0,0,1,3,3,0.21
5.246808360410796,0.5,6.0,0,1,3,3,0.12
4.498827078574065,0.5,2.0,0,1,3,3,0.14
3.2670786163337198,0.5,2.0,0,1,3,3,0.03
2.95624441681474,0.5,3.0,0,1,3,2,0.03
5.247190927157736,1.0,4.0,0,1,3,3,0.26
5.788268202182527,1.0,2.0,0,1,2,2,0.19
5.168591737619336,1.0,3.0,0,1,1,2,0.21
2.740209820981511,1.0,4.0,0,1,1,3,0.05
5.688629230943925,0.5,4.0,0,1,1,3,0.15
4.04190083943453,1.0,4.0,0,1,1,3,0.11
3.4737707032828213,1.0,2.0,0,1,3,2,0.0
1.017106264969104,0.5,4.0,0,1,3,2,0.27
1.171503858024706,1.0,2.0,0,1,3,2,0.09
5.522888887028224,0.5,4.0,0,1,3,3,0.26
5.627742695829055,1.0,6.0,0,1,2,3,0.06
3.5861779609698172,0.5,3.0,0,1,2,2,0.04
2.755803908103812,0.5,6.0,0,1,1,3,0.22
1.77731834799174,1.0,6.0,0,1,2,3,0.12
3.8503206022851613,0.5,2.0,0,1,1,2,0.07
5.321428294630669,1.0,3.0,0,1,2,3,0.26
5.2177378862275186,0.5,6.0,0,1,1,3,0.09
2.2197548363861594,1.0,3.0,0,1,3,2,0.23
3.6977334412061875,1.0,3.0,0,1,2,2,0.08
5.943676579594426,1.0,2.0,0,1,3,3,0.22
3.1712187612304277,0.5,2.0,0,1,1,3,0.0
5.96520215734982,1.0,2.0,0,1,2,2,0.2
3.599641570802401,0.5,3.0,0,1,1,2,0.13
5.462176048299428,0.5,3.0,0,1,3,2,0.21
2.3973274375409437,0.5,6.0,0,1,1,2,0.06
4.2968020356077705,0.5,6.0,0,1,3,3,0.04
2.3570891621524837,0.5,4.0,0,1,2,3,0.23
4.125943061981955,0.5,2.0,0,1,2,3,0.03
5.3799156282986305,0.5,2.0,0,1,2,2,0.08
3.161475974078883,0.5,6.0,0,1,3,3,0.2
2.0269316080582818,1.0,3.0,0,1,1,2,0.25
1.4518163428610467,0.5,3.0,0,1,3,3,0.13
3.0374617773889,0.5,3.0,0,1,2,3,0.1
1.951412143755395,0.5,2.0,0,1,3,3,0.23
5.970279197945663,0.5,2.0,0,1,1,3,0.21
4.076153639301332,0.5,2.0,0,1,2,3,0.21
5.200006680267569,1.0,4.0,0,1,3,3,0.27
4.2103262806219846,0.5,2.0,0,1,1,3,0.01
4.176021244662916,1.0,3.0,0,1,3,3,0.08
1.8812464915664249,0.5,6.0,0,1,1,2,0.27
2.9910544746805896,1.0,2.0,0,1,1,3,0.28
4.943392420361013,0.5,3.0,0,1,3,3,0.17
5.378040363932997,0.5,2.0,0,1,3,3,0.25
3.694425313292648,0.5,2.0,0,1,2,2,0.29
4.2342651232887505,1.0,2.0,0,1,2,2,0.06
1.9441747609779383,0.5,6.0,0,1,3,2,0.13
1.8978665470613112,1.0,2.0,0,1,1,2,0.23
2.024390948194149,0.5,6.0,0,1,1,3,0.19
4.8845065297765915,1.0,2.0,0,1,1,3,0.12
2.249163344608289,0.5,2.0,0,1,3,3,0.17
2.7604416820590165,1.0,3.0,0,1,1,2,0.12
4.911879231046444,1.0,6.0,0,1,1,3,0.24
2.538793908665687,0.5,4.0,0,1,3,2,0.05
3.7443790085629107,1.0,3.0,0,1,2,2,0.08
5.3971086101186625,1.0,3.0,0,1,3,3,0.08
4.231741365699374,0.5,4.0,0,1,3,2,0.17
5.796642595465503,0.5,2.0,0,1,2,2,0.18
5.11422648157987,0.5,4.0,0,1,1,3,0.09
5.320825022671606,0.5,2.0,0,1,3,3,0.14
1.052134733821867,1.0,6.0,0,1,3,2,0.21
2.9467239278206594,0.5,2.0,0,1,2,3,0.11
4.579579194516678,0.5,2.0,0,1,2,3,0.18
1.8493249846048272,1.0,2.0,0,1,2,2,0.26
4.376858200612501,1.0,2.0,0,1,1,3,0.02
5.92815286392566,1.0,6.0,0,1,1,3,0.26
1.10245718203165,0.5,6.0,0,1,2,3,0.13
1.9301958639951036,1.0,3.0,0,1,1,3,0.19
4.427446356903512,0.5,2.0,0,1,2,2,0.22
3.817429888760496,0.5,2.0,0,1,3,3,0.17
4.354929342264363,0.5,6.0,0,1,3,3,0.05
5.753048710120953,0.5,6.0,0,1,1,3,0.04
5.708790219512152,0.5,6.0,0,1,3,3,0.28
2.6496282867679986,0.5,3.0,0,1,1,2,0.12
3.650597202862821,1.0,4.0,0,1,3,3,0.13
5.226396953779287,1.0,3.0,0,1,2,3,0.17
3.8692373633690376,1.0,6.0,0,1,2,3,0.23
3.3227311111146385,1.0,6.0,0,1,1,2,0.28
3.1378311947415076,1.0,6.0,0,1,1,3,0.04
5.822605235287562,1.0,2.0,0,1,2,3,0.26
1.1491893788394743,0.5,4.0,0,1,1,3,0.12
3.349229915432318,0.5,4.0,0,1,1,3,0.22
5.7425490620146595,1.0,6.0,0,1,3,3,0.11
2.1907012929596155,0.5,6.0,0,1,3,3,0.02
4.10252670848321,1.0,6.0,0,1,1,3,0.04
3.44473365323876,0.5,2.0,0,1,2,2,0.19
5.99611866897914,0.5,2.0,0,1,1,3,0.12
4.453391153116513,1.0,2.0,0,1,1,3,0.19
2.282380483087526,1.0,2.0,0,1,2,2,0.06
4.91597332774873,1.0,3.0,0,1,1,3,0.07
2.089705881317321,0.5,4.0,0,1,2,2,0.05
4.034206271997451,0.5,2.0,0,1,1,3,0.28
2.0230739771573067,1.0,3.0,0,1,3,2,0.03
5.179669026559928,1.0,4.0,0,1,2,2,0.29
4.240022910649136,1.0,6.0,0,1,3,3,0.2
3.4460929286499207,0.5,6.0,0,1,2,3,0.08
4.865197181235354,1.0,4.0,0,1,3,2,0.12
3.6706507370593084,0.5,6.0,0,1,2,3,0.07
4.667746956687152,1.0,6.0,0,1,2,3,0.2
1.6797064538497737,0.5,6.0,0,1,3,3,0.13
3.2260066334586917,0.5,3.0,0,1,1,3,0.0
1.3321154958198331,0.5,2.0,0,1,3,2,0.3
2.7917721759304257,1.0,4.0,0,1,2,2,0.16
5.456820870269909,0.5,4.0,0,1,1,3,0.09
4.228680384501719,1.0,3.0,0,1,1,3,0.25
3.9010310479410917,0.5,2.0,0,1,2,2,0.25
5.036097683885287,1.0,2.0,0,1,1,2,0.12
3.815359554269482,1.0,2.0,0,1,3,2,0.18
2.1386278925034006,0.5,3.0,0,1,1,3,0.18
3.178036361142449,0.5,4.0,0,1,3,2,0.29
1.7839764834033536,1.0,4.0,0,1,3,3,0.03
4.735718404781991,1.0,3.0,0,1,3,3,0.12
2.0438915650408633,1.0,3.0,0,1,3,2,0.15
3.991195395162482,1.0,3.0,0,1,3,2,0.28
1.6600868489152278,0.5,3.0,0,1,1,2,0.29
2.4790037847046773,1.0,3.0,0,1,2,2,0.11
5.443766302399335,0.5,4.0,0,1,3,3,0.14
5.563687910871819,0.5,3.0,0,1,2,2,0.2
5.030194482491427,0.5,4.0,0,1,1,3,0.17
3.5343261598173035,0.5,2.0,0,1,2,2,0.29
5.817115341968664,1.0,6.0,0,1,1,2,0.26
1.3515771447220994,1.0,2.0,0,1,3,2,0.26
5.549562669902017,0.5,2.0,0,1,2,3,0.1
4.4991335851842935,1.0,6.0,0,1,3,2,0.09
1.7843547766423575,1.0,2.0,0,1,1,2,0.29
5.048305183817979,0.5,6.0,0,1,3,2,0.2
2.083455763368923,1.0,4.0,0,1,2,3,0.09
2.1871234565266464,1.0,6.0,0,1,3,2,0.28
1.2248280884744287,1.0,2.0,0,1,2,3,0.13
2.4707761217441435,1.0,3.0,0,1,2,2,0.24
5.966099585868074,0.5,6.0,0,1,1,3,0.04
5.246608512810167,1.0,2.0,0,1,2,2,0.22
2.0577050908459675,1.0,3.0,0,1,3,2,0.19
5.710148947979993,0.5,4.0,0,1,3,3,0.01
4.99642070586642,0.5,3.0,0,1,3,3,0.28
1.9532351506304333,0.5,6.0,0,1,2,2,0.09
5.059874709531125,0.5,6.0,0,1,1,2,0.29
2.83952612793008,0.5,6.0,0,1,3,3,0.27
5.1080996062849,0.5,2.0,0,1,3,2,0.06
5.839029210172834,1.0,2.0,0,1,3,2,0.09
5.202859092565455,0.5,4.0,0,1,2,2,0.03
3.060428199543987,1.0,3.0,0,1,3,3,0.24
5.081802357603948,0.5,4.0,0,1,1,2,0.26
3.49889190858753,1.0,4.0,0,1,2,2,0.29
1.189777738230645,0.5,2.0,0,1,1,2,0.16
5.279608276757258,0.5,3.0,0,1,2,2,0.25
2.165871796335711,0.5,2.0,0,1,1,2,0.0
1.3994401715967082,0.5,2.0,0,1,3,3,0.2
4.32793454569758,1.0,6.0,0,1,2,2,0.1
4.31357747322814,1.0,3.0,0,1,3,3,0.23
3.550247876057223,0.5,6.0,0,1,3,2,0.04
2.67937035013676,1.0,2.0,0,1,3,2,0.19
4.640660197075864,1.0,3.0,0,1,1,3,0.18
1.4823542358986255,0.5,2.0,0,1,1,2,0.0
4.226920168405517,1.0,6.0,0,1,3,3,0.18
5.677636037211798,0.5,6.0,0,1,3,2,0.28
1.8093828477985192,1.0,4.0,0,1,3,3,0.1
1.2117344997591282,1.0,2.0,0,1,1,2,0.24
1.791003840966375,0.5,2.0,0,1,3,3,0.2
4.010377525827675,0.5,4.0,0,1,3,3,0.25
4.01680790407953,0.5,6.0,0,1,2,3,0.29
3.1429854194681686,1.0,6.0,0,1,1,3,0.17
3.636151160262545,1.0,4.0,0,1,3,3,0.04
1.2829609715976078,0.5,4.0,0,1,1,2,0.01
3.4566748762186674,1.0,6.0,0,1,1,3,0.12
3.964900317159831,1.0,6.0,0,1,3,3,0.28
4.236233979253963,1.0,2.0,0,1,3,3,0.03
5.257205624180348,1.0,3.0,0,1,3,3,0.18
2.279963587279451,0.5,4.0,0,1,1,3,0.2
5.67272292958489,1.0,6.0,0,1,1,2,0.14
5.2204279420871265,1.0,2.0,0,1,2,3,0.2
1.1635295092949485,1.0,2.0,0,1,2,2,0.08
5.256937379172521,1.0,3.0,0,1,1,2,0.01
1.5945249934763925,1.0,4.0,0,1,1,3,0.17
1.75076008032323,0.5,4.0,0,1,3,3,0.11
4.2673829428365,0.5,6.0,0,1,3,2,0.11
3.2182248969308844,1.0,3.0,0,1,2,3,0.12
1.7553176720893178,0.5,4.0,0,1,2,3,0.3
2.7820841334107005,1.0,3.0,0,1,1,3,0.12
3.753502348619437,1.0,2.0,0,1,2,2,0.11
2.8476233861492726,1.0,3.0,0,1,1,3,0.23
2.04072733359935,0.5,6.0,0,1,1,2,0.04
2.0532057966571005,1.0,3.0,0,1,2,2,0.26
1.4864853111576832,1.0,4.0,0,1,2,2,0.02
1.5138129264505598,0.5,2.0,0,1,1,2,0.08
4.846414635575554,0.5,4.0,0,1,3,3,0.01
1.7747448491152271,0.5,3.0,0,1,3,2,0.06
1.8556317534432234,0.5,3.0,0,1,3,3,0.2
3.7878615078734077,0.5,3.0,0,1,1,3,0.28
3.854449431404324,0.5,3.0,0,1,1,3,0.03
3.6972643370135687,0.5,6.0,0,1,1,3,0.22
1.0825196816137252,0.5,3.0,0,1,2,2,0.18
2.424048868321384,1.0,3.0,0,1,3,3,0.21
2.3341269831003144,1.0,3.0,0,1,2,2,0.23
2.9359167147719663,0.5,2.0,0,1,2,2,0.11
5.176112717098364,1.0,6.0,0,1,1,3,0.03
1.986788886535272,0.5,6.0,0,1,1,2,0.21
5.617513682492333,0.5,3.0,0,1,3,3,0.26
5.670174519096056,1.0,3.0,0,1,1,3,0.07
5.901790938294685,1.0,3.0,0,1,1,2,0.05
5.320594644362219,0.5,3.0,0,1,1,2,0.22
4.825476295052214,1.0,6.0,0,1,3,3,0.23
3.1308781879565637,0.5,4.0,0,1,2,2,0.26
2.2480327646094276,0.5,2.0,0,1,3,3,0.28
1.5708262452064,1.0,4.0,0,1,3,2,0.3
2.9059696518531446,1.0,4.0,0,1,2,2,0.13
3.8326649444010163,1.0,4.0,0,1,1,3,0.17
5.856572689521004,0.5,6.0,0,1,2,3,0.02
2.2751349270987777,0.5,2.0,0,1,2,2,0.07
3.7036290541852908,1.0,4.0,0,1,1,2,0.13
4.460108451674374,0.5,6.0,0,1,3,3,0.03
3.749505031951104,1.0,3.0,0,1,1,2,0.18
2.8505862261437573,1.0,6.0,0,1,1,3,0.03
1.422877150855101,1.0,2.0,0,1,2,3,0.17
2.354975510045446,0.5,2.0,0,1,1,2,0.24
1.4949927489358212,0.5,6.0,0,1,1,2,0.11
2.63505597158407,1.0,6.0,0,1,3,3,0.2
4.453103068707832,0.5,2.0,0,1,2,2,0.14
5.881564015282642,0.5,3.0,0,1,2,2,0.1
1.6883549483892915,1.0,4.0,0,1,3,3,0.28
1.273439201335125,1.0,3.0,0,1,3,2,0.08
4.469257561788856,0.5,2.0,0,1,2,3,0.06
1.679829774864447,1.0,4.0,0,1,3,3,0.11
3.2076797073677157,0.5,2.0,0,1,1,2,0.14
2.709854438590316,1.0,6.0,0,1,3,3,0.13
4.8638037181366345,1.0,2.0,0,1,3,3,0.01
3.3395603379784418,0.5,4.0,0,1,3,3,0.26
3.491665846284649,1.0,4.0,0,1,2,3,0.09
1.5094698594555331,0.5,4.0,0,1,3,2,0.11
2.803105182530782,1.0,6.0,0,1,1,2,0.14
1.5163415073293076,0.5,4.0,0,1,2,2,0.24
1.860866248962557,1.0,3.0,0,1,1,2,0.29
5.669821994996613,1.0,4.0,0,1,2,2,0.16
2.7019397567735366,0.5,4.0,0,1,2,3,0.21
5.0124731474111215,1.0,4.0,0,1,2,3,0.03
3.5134649115427097,0.5,2.0,0,1,3,3,0.2
3.448153831996043,0.5,6.0,0,1,2,3,0.09
5.346915106117272,1.0,6.0,0,1,3,2,0.3
2.8872647192235945,1.0,2.0,0,1,3,3,0.25
3.868481695765338,0.5,6.0,0,1,3,2,0.2
4.914861569070479,0.5,6.0,0,1,2,3,0.3
5.185389116213811,0.5,6.0,0,1,2,3,0.09
2.853943041830997,1.0,3.0,0,1,3,2,0.12
4.422186968619223,1.0,2.0,0,1,2,2,0.26
3.0045629090037664,1.0,2.0,0,1,3,3,0.22
2.5211145950706944,0.5,3.0,0,1,2,2,0.04
2.9211486196187506,0.5,6.0,0,1,1,2,0.13
2.5267097934223504,0.5,3.0,0,1,1,2,0.11
1.2729917951418759,0.5,6.0,0,1,1,2,0.03
2.7906452184117954,0.5,6.0,0,1,1,2,0.25
2.379996468456045,0.5,6.0,0,1,2,3,0.27
4.154100137155671,1.0,4.0,0,1,3,3,0.06
5.3285037673902345,1.0,4.0,0,1,3,2,0.08
2.108682513280273,0.5,3.0,0,1,1,3,0.19
3.848302984434292,1.0,6.0,0,1,3,2,0.24
1.071806983244667,1.0,6.0,0,1,1,2,0.1
3.109967077762466,0.5,2.0,0,1,3,2,0.2
5.166322815398447,1.0,4.0,0,1,3,3,0.11
5.837117327130015,1.0,3.0,0,1,1,2,0.02
4.653423085706123,1.0,6.0,0,1,1,2,0.09
4.622509309306204,0.5,3.0,0,1,2,2,0.3
1.1271696249886918,1.0,6.0,0,1,3,3,0.04
4.000202862291006,0.5,4.0,0,1,3,3,0.03
3.3829583233649343,1.0,4.0,0,1,2,2,0.1
1.1456792996933758,1.0,2.0,0,1,2,3,0.11
4.407248759115253,0.5,6.0,0,1,1,3,0.04
1.8485382280784108,1.0,3.0,0,1,1,2,0.03
3.2910008268940203,0.5,4.0,0,1,1,2,0.28
1.606991743865322,1.0,4.0,0,1,1,3,0.18
4.693872857135103,1.0,6.0,0,1,2,3,0.01
1.3377803988329664,0.5,6.0,0,1,2,3,0.19
3.562838368100138,1.0,6.0,0,1,1,3,0.08
3.4756005740508935,0.5,2.0,0,1,1,3,0.09
2.1883364167618153,1.0,3.0,0,1,1,3,0.05
1.8057769096090328,0.5,4.0,0,1,3,2,0.06
1.9831778699267417,0.5,3.0,0,1,1,2,0.2
1.1741585133374586,0.5,6.0,0,1,1,2,0.04
3.8955133670617466,0.5,6.0,0,1,1,2,0.21
5.368406163178652,0.5,6.0,0,1,2,2,0.01
3.0575101710850348,0.5,3.0,0,1,3,3,0.24
5.3712781352646735,0.5,4.0,0,1,3,3,0.07
1.5829310507008816,1.0,4.0,0,1,3,2,0.27
2.3164823370159877,0.5,6.0,0,1,2,2,0.02
2.710752235829024,1.0,2.0,0,1,2,2,0.04
5.007642096343716,1.0,2.0,0,1,3,3,0.03
5.222813901125162,1.0,4.0,0,1,3,3,0.19
1.5204541235021338,1.0,6.0,0,1,2,3,0.03
2.4943261063290016,0.5,3.0,0,1,1,3,0.14
4.575361283306874,0.5,3.0,0,1,1,2,0.15
4.37718337290841,1.0,6.0,0,1,1,3,0.01
